nombre,apellido,fecha_alta
Natassia,Skillett,06-01-2023
Deana,Acors,07-11-2022
Jehanna,Schindler,07-06-2023
Delinda,Corbridge,28-05-2023
Marion,Haugh,10-01-2023
Shanie,McClymond,11-05-2023
Rab,Samson,02-12-2022
Webster,McNern,20-12-2022
Mela,Bottby,21-04-2023
Conney,Coronas,29-08-2023
Worthington,Boast,26-05-2023
Stoddard,Sivills,01-04-2023
Shirley,Garmey,12-11-2022
Julee,Hughlin,07-11-2022
Yul,Geer,22-01-2023
Shaylynn,Hoy,04-05-2023
Ariella,Stimson,04-06-2023
Alex,Laslett,24-11-2022
Yorker,Harriman,01-03-2023
Boote,Cregin,07-07-2023
